{"cameraMode":{"drawMode":0,"name":"Shaded","section":"Shading Mode"},"sceneLighting":false,"audioPlay":false,"sceneViewState":{"m_AlwaysRefresh":false,"showFog":true,"showSkybox":false,"showFlares":true,"showImageEffects":true,"showParticleSystems":true,"showVisualEffectGraphs":true,"m_FxEnabled":true},"in2DMode":false,"pivot":{"x":-1.3904774188995362,"y":-0.33202481269836428,"z":-0.23427188396453858},"rotation":{"x":0.26235225796699526,"y":0.5012069940567017,"z":-0.16265879571437837,"w":0.808400571346283},"size":5.662839889526367,"orthographic":false}